﻿<?xml version="1.0" encoding="utf-8" ?>
<XnaContent>
  <!--Asset Type="CollisionDictionaryObject.CollisionXMLObject[]"-->
    <Item>
      <!--Use enum values in collision. Add the value to GameObjectType if it is not there.-->
      <object1>Mario</object1>
      <object2>Block</object2>
      <side>Top</side>
      <!--Use the class name of the command.-->
      <command>MarioBlockCollisionTopCommand</command>
    </Item>
    <Item>
      <object1>Mario</object1>
      <object2>Block</object2>
      <side>Right</side>
      <command>MarioBlockCollisionRightCommand</command>
    </Item>
    <Item>
      <object1>Mario</object1>
      <object2>Block</object2>
      <side>Bottom</side>
      <command>MarioBlockCollisionBottomCommand</command>
    </Item>
    <Item>
      <object1>Mario</object1>
      <object2>Block</object2>
      <side>Left</side>
      <command>MarioBlockCollisionLeftCommand</command>
    </Item>
    <Item>
      <object1>Mario</object1>
      <object2>Pipe</object2>
      <side>Top</side>
      <command>MarioPipeCollisionTop</command>
    </Item>
    <Item>
      <object1>Mario</object1>
      <object2>Pipe</object2>
      <side>Right</side>
      <command>MarioPipeCollisionRight</command>
    </Item>
    <Item>
      <object1>Mario</object1>
      <object2>Pipe</object2>
      <side>Bottom</side>
      <command>MarioPipeCollisionBottom</command>
    </Item>
    <Item>
      <object1>Mario</object1>
      <object2>Pipe</object2>
      <side>Left</side>
      <command>MarioPipeCollisionLeft</command>
    </Item>
    <Item>
      <object1>Mario</object1>
      <object2>Coin</object2>
      <side>Top</side>
      <command>MarioCoinCollisionTop</command>
    </Item>
    <Item>
      <object1>Mario</object1>
      <object2>Coin</object2>
      <side>Left</side>
      <command>MarioCoinCollisionLeft</command>
    </Item>
    <Item>
      <object1>Mario</object1>
      <object2>Coin</object2>
      <side>Right</side>
      <command>MarioCoinCollisionRight</command>
    </Item>
    <Item>
      <object1>Mario</object1>
      <object2>Coin</object2>
      <side>Bottom</side>
      <command>MarioCoinCollisionBottom</command>
    </Item>
    <Item>
      <object1>Mario</object1>
      <object2>Star</object2>
      <side>Top</side>
      <command>MarioStarCollisionTop</command>
    </Item>
    <Item>
      <object1>Mario</object1>
      <object2>Star</object2>
      <side>Left</side>
      <command>MarioStarCollisionLeft</command>
    </Item>
    <Item>
      <object1>Mario</object1>
      <object2>Star</object2>
      <side>Right</side>
      <command>MarioStarCollisionRight</command>
    </Item>
    <Item>
      <object1>Mario</object1>
      <object2>Star</object2>
      <side>Bottom</side>
      <command>MarioStarCollisionBottom</command>
    </Item>
    <Item>
      <object1>Mario</object1>
      <object2>Flower</object2>
      <side>Top</side>
      <command>MarioFlowerCollisionTop</command>
    </Item>
    <Item>
      <object1>Mario</object1>
      <object2>Flower</object2>
      <side>Left</side>
      <command>MarioFlowerCollisionLeft</command>
    </Item>
    <Item>
      <object1>Mario</object1>
      <object2>Flower</object2>
      <side>Right</side>
      <command>MarioFlowerCollisionRight</command>
    </Item>
      <Item>
      <object1>Mario</object1>
      <object2>Flower</object2>
      <side>Bottom</side>
      <command>MarioFlowerCollisionBottom</command>
    </Item>
    <Item>
      <object1>Mario</object1>
      <object2>RedMushroom</object2>
      <side>Top</side>
      <command>MarioRMushroomCollisionTop</command>
    </Item>
    <Item>
      <object1>Mario</object1>
      <object2>RedMushroom</object2>
      <side>Left</side>
      <command>MarioRMushroomCollisionLeft</command>
    </Item>
    <Item>
      <object1>Mario</object1>
      <object2>RedMushroom</object2>
      <side>Right</side>
      <command>MarioRMushroomCollisionRight</command>
    </Item>
    <Item>
      <object1>Mario</object1>
      <object2>RedMushroom</object2>
      <side>Bottom</side>
      <command>MarioRMushroomCollisionBottom</command>
    </Item>
    <Item>
      <object1>Mario</object1>
      <object2>GreenMushroom</object2>
      <side>Top</side>
      <command>MarioGMushroomCollisionTop</command>
    </Item>
    <Item>
      <object1>Mario</object1>
      <object2>GreenMushroom</object2>
      <side>Left</side>
      <command>MarioGMushroomCollisionLeft</command>
    </Item>
    <Item>
      <object1>Mario</object1>
      <object2>GreenMushroom</object2>
      <side>Right</side>
      <command>MarioGMushroomCollisionRight</command>
    </Item>
    <Item>
      <object1>Mario</object1>
      <object2>GreenMushroom</object2>
      <side>Bottom</side>
      <command>MarioGMushroomCollisionBottom</command>
    </Item>
	<!--MarioGoombaCollision-->
    <Item>
      <object1>Mario</object1>
      <object2>Goomba</object2>
      <side>Top</side>
      <command>MarioGoombaCollisionTop</command>
    </Item>
    <Item>
      <object1>Mario</object1>
      <object2>Goomba</object2>
      <side>Right</side>
      <command>MarioGoombaCollisionRight</command>
    </Item>
    <Item>
      <object1>Mario</object1>
      <object2>Goomba</object2>
      <side>Left</side>
      <command>MarioGoombaCollisionLeft</command>
    </Item>
    <Item>
      <object1>Mario</object1>
      <object2>Goomba</object2>
      <side>Bottom</side>
      <command>MarioGoombaCollisionBottom</command>
    </Item>
    <!--MarioKoopaCollision-->
    <Item>
      <object1>Mario</object1>
      <object2>Koopa</object2>
      <side>Top</side>
      <command>MarioKoopaCollisionTop</command>
    </Item>
    <Item>
      <object1>Mario</object1>
      <object2>Koopa</object2>
      <side>Right</side>
      <command>MarioKoopaCollisionRight</command>
    </Item>
    <Item>
      <object1>Mario</object1>
      <object2>Koopa</object2>
      <side>Left</side>
      <command>MarioKoopaCollisionLeft</command>
    </Item>
    <Item>
      <object1>Mario</object1>
      <object2>Koopa</object2>
      <side>Bottom</side>
      <command>MarioKoopaCollisionBottom</command>
    </Item>
    <!-- goomba Block collisisons-->
    <Item>
      <object1>Goomba</object1>
      <object2>Block</object2>
      <side>Bottom</side>
      <command>GoombaBlockCollisionBottom</command>
    </Item>
    <Item>
      <object1>Goomba</object1>
      <object2>Block</object2>
      <side>Left</side>
      <command>GoombaBlockCollisionLeft</command>
    </Item>
    <Item>
      <object1>Goomba</object1>
      <object2>Block</object2>
      <side>Right</side>
      <command>GoombaBlockCollisionRight</command>
    </Item>
    <Item>
      <object1>Goomba</object1>
      <object2>Block</object2>
      <side>Top</side>
      <command>GoombaBlockCollisionTop</command>
    </Item>
  <!--fireball block collisions-->
    <Item>
      <object1>FireBallProjectile</object1>
      <object2>Block</object2>
      <side>Right</side>
      <command>FireBallCollisionRight</command>
    </Item>
    <Item>
      <object1>FireBallProjectile</object1>
      <object2>Block</object2>
      <side>Left</side>
      <command>FireBallCollisionLeft</command>
    </Item>
    <Item>
      <object1>FireBallProjectile</object1>
      <object2>Block</object2>
      <side>Top</side>
      <command>FireBallCollisionTop</command>
    </Item>
  <!--fireball Pipe collisions-->
    <Item>
      <object1>FireBallProjectile</object1>
      <object2>Pipe</object2>
      <side>Right</side>
      <command>FireBallCollisionRight</command>
    </Item>
    <Item>
      <object1>FireBallProjectile</object1>
      <object2>Pipe</object2>
      <side>Left</side>
      <command>FireBallCollisionLeft</command>
    </Item>
    <Item>
      <object1>FireBallProjectile</object1>
      <object2>Pipe</object2>
      <side>Top</side>
      <command>FireBallCollisionTop</command>
    </Item>
    <!--fireball collisions goomba-->
    <Item>
      <object1>FireBallProjectile</object1>
      <object2>Goomba</object2>
      <side>Right</side>
      <command>FireBallGoombaCollision</command>
    </Item>
    <Item>
      <object1>FireBallProjectile</object1>
      <object2>Goomba</object2>
      <side>Left</side>
      <command>FireBallGoombaCollision</command>
    </Item>
    <Item>
      <object1>FireBallProjectile</object1>
      <object2>Goomba</object2>
      <side>Top</side>
      <command>FireBallGoombaCollision</command>
    </Item>
    <Item>
      <object1>FireBallProjectile</object1>
      <object2>Goomba</object2>
      <side>Bottom</side>
      <command>FireBallGoombaCollision</command>
    </Item>
    <!--fireball collisions koopa-->
    <Item>
      <object1>FireBallProjectile</object1>
      <object2>Koopa</object2>
      <side>Right</side>
      <command>FireBallKoopaCollision</command>
    </Item>
    <Item>
      <object1>FireBallProjectile</object1>
      <object2>Koopa</object2>
      <side>Left</side>
      <command>FireBallKoopaCollision</command>
    </Item>
    <Item>
      <object1>FireBallProjectile</object1>
      <object2>Koopa</object2>
      <side>Top</side>
      <command>FireBallKoopaCollision</command>
    </Item>
    <Item>
      <object1>FireBallProjectile</object1>
      <object2>Koopa</object2>
      <side>Bottom</side>
      <command>FireBallKoopaCollision</command>
    </Item>
    <!-- koopa block collisisons-->
    <Item>
      <object1>Koopa</object1>
      <object2>Block</object2>
      <side>Bottom</side>
      <command>KoopaBlockCollisionBottom</command>
    </Item>
    <Item>
      <object1>Koopa</object1>
      <object2>Block</object2>
      <side>Left</side>
      <command>KoopaBlockCollisionLeft</command>
    </Item>
    <Item>
      <object1>Koopa</object1>
      <object2>Block</object2>
      <side>Right</side>
      <command>KoopaBlockCollisionRight</command>
    </Item>
    <Item>
      <object1>Koopa</object1>
      <object2>Block</object2>
      <side>Top</side>
      <command>KoopaBlockCollisionTop</command>
    </Item>
    <!-- koopa pipe collisisons-->
    <Item>
      <object1>Koopa</object1>
      <object2>Pipe</object2>
      <side>Bottom</side>
      <command>KoopaPipeCollisionBottom</command>
    </Item>
    <Item>
      <object1>Koopa</object1>
      <object2>Pipe</object2>
      <side>Left</side>
      <command>KoopaPipeCollisionLeft</command>
    </Item>
    <Item>
      <object1>Koopa</object1>
      <object2>Pipe</object2>
      <side>Right</side>
      <command>KoopaPipeCollisionRight</command>
    </Item>
    <Item>
      <object1>Koopa</object1>
      <object2>Pipe</object2>
      <side>Top</side>
      <command>KoopaPipeCollisionTop</command>
    </Item>
    <!-- goomba Pipe collisisons-->
    <Item>
      <object1>Goomba</object1>
      <object2>Pipe</object2>
      <side>Bottom</side>
      <command>GoombaPipeCollisionBottom</command>
    </Item>
    <Item>
      <object1>Goomba</object1>
      <object2>Pipe</object2>
      <side>Left</side>
      <command>GoombaPipeCollisionLeft</command>
    </Item>
    <Item>
      <object1>Goomba</object1>
      <object2>Pipe</object2>
      <side>Right</side>
      <command>GoombaPipeCollisionRight</command>
    </Item>
    <Item>
      <object1>Goomba</object1>
      <object2>Pipe</object2>
      <side>Top</side>
      <command>GoombaPipeCollisionTop</command>
    </Item>
    <!-- goomba goomba collisisons-->
  <Item>
      <object1>Goomba</object1>
      <object2>Goomba</object2>
      <side>Bottom</side>
      <command>GoombaGoombaCollisionBottom</command>
    </Item>
    <Item>
      <object1>Goomba</object1>
      <object2>Goomba</object2>
      <side>Left</side>
      <command>GoombaGoombaCollisionLeft</command>
    </Item>
    <Item>
      <object1>Goomba</object1>
      <object2>Goomba</object2>
      <side>Right</side>
      <command>GoombaGoombaCollisionRight</command>
    </Item>
    <Item>
      <object1>Goomba</object1>
      <object2>Goomba</object2>
      <side>Top</side>
      <command>GoombaGoombaCollisionTop</command>
    </Item>
    <!-- goomba koopa collisisons-->
  <Item>
      <object1>Goomba</object1>
      <object2>Koopa</object2>
      <side>Bottom</side>
      <command>GoombaKoopaCollisionBottom</command>
    </Item>
    <Item>
      <object1>Goomba</object1>
      <object2>Koopa</object2>
      <side>Left</side>
      <command>GoombaKoopaCollisionLeft</command>
    </Item>
    <Item>
      <object1>Goomba</object1>
      <object2>Koopa</object2>
      <side>Right</side>
      <command>GoombaKoopaCollisionRight</command>
    </Item>
    <Item>
      <object1>Goomba</object1>
      <object2>Koopa</object2>
      <side>Top</side>
      <command>GoombaKoopaCollisionTop</command>
    </Item>
  <!-- koopa koopa collisisons-->
  <Item>
      <object1>Koopa</object1>
      <object2>Koopa</object2>
      <side>Bottom</side>
      <command>KoopaKoopaCollisionBottom</command>
    </Item>
    <Item>
      <object1>Koopa</object1>
      <object2>Koopa</object2>
      <side>Left</side>
      <command>KoopaKoopaCollisionLeft</command>
    </Item>
    <Item>
      <object1>Koopa</object1>
      <object2>Koopa</object2>
      <side>Right</side>
      <command>KoopaKoopaCollisionRight</command>
    </Item>
    <Item>
      <object1>Koopa</object1>
      <object2>Koopa</object2>
      <side>Top</side>
      <command>KoopaKoopaCollisionTop</command>
    </Item>
  <!-- koopa koopa collisisons-->
  <Item>
      <object1>Koopa</object1>
      <object2>Goomba</object2>
      <side>Bottom</side>
      <command>KoopaGoombaCollisionBottom</command>
    </Item>
    <Item>
      <object1>Koopa</object1>
      <object2>Goomba</object2>
      <side>Left</side>
      <command>KoopaGoombaCollisionLeft</command>
    </Item>
    <Item>
      <object1>Koopa</object1>
      <object2>Goomba</object2>
      <side>Right</side>
      <command>KoopaGoombaCollisionRight</command>
    </Item>
    <Item>
      <object1>Koopa</object1>
      <object2>Goomba</object2>
      <side>Top</side>
      <command>KoopaGoombaCollisionTop</command>
    </Item>
    <!-- green mushroom block collisisons-->
    <Item>
      <object1>GreenMushroom</object1>
      <object2>Block</object2>
      <side>Top</side>
      <command>GMushroomBlockCollisionTop</command>
    </Item>
    <Item>
      <object1>GreenMushroom</object1>
      <object2>Block</object2>
      <side>Left</side>
      <command>GMushroomBlockCollisionLeft</command>
    </Item>
    <Item>
      <object1>GreenMushroom</object1>
      <object2>Block</object2>
      <side>Right</side>
      <command>GMushroomBlockCollisionRight</command>
    </Item>
    <Item>
      <object1>GreenMushroom</object1>
      <object2>Block</object2>
      <side>Bottom</side>
      <command>GMushroomBlockBottom</command>
    </Item>
  <Item>
      <object1>GreenMushroom</object1>
      <object2>Pipe</object2>
      <side>Left</side>
      <command>GMushroomPipeCollisionLeft</command>
    </Item>
  <Item>
      <object1>GreenMushroom</object1>
      <object2>Pipe</object2>
      <side>Right</side>
      <command>GMushroomPipeCollisionRight</command>
    </Item>
  <Item>
      <object1>GreenMushroom</object1>
      <object2>Pipe</object2>
      <side>Top</side>
      <command>GMushroomPipeCollisionTop</command>
    </Item>
  <!-- red mushroom block collisisons-->
    <Item>
      <object1>RedMushroom</object1>
      <object2>Block</object2>
      <side>Top</side>
      <command>RMushroomBlockCollisionTop</command>
    </Item>
    <Item>
      <object1>RedMushroom</object1>
      <object2>Block</object2>
      <side>Left</side>
      <command>RMushroomBlockCollisionLeft</command>
    </Item>
    <Item>
      <object1>RedMushroom</object1>
      <object2>Block</object2>
      <side>Right</side>
      <command>RMushroomBlockCollisionRight</command>
    </Item>
  <!-- red mushroom pipe collisisons-->
  <Item>
      <object1>RedMushroom</object1>
      <object2>Pipe</object2>
      <side>Top</side>
      <command>RMushroomPipeCollisionTop</command>
    </Item>
    <Item>
      <object1>RedMushroom</object1>
      <object2>Pipe</object2>
      <side>Left</side>
      <command>RMushroomPipeCollisionLeft</command>
    </Item>
    <Item>
      <object1>RedMushroom</object1>
      <object2>Pipe</object2>
      <side>Right</side>
      <command>RMushroomPipeCollisionRight</command>
    </Item>
  <!-- star block collisisons-->
  <Item>
      <object1>Star</object1>
      <object2>Block</object2>
      <side>Top</side>
      <command>StarBlockCollisionTop</command>
    </Item>
    <Item>
      <object1>Star</object1>
      <object2>Block</object2>
      <side>Left</side>
      <command>StarBlockCollisionLeft</command>
    </Item>
    <Item>
      <object1>Star</object1>
      <object2>Block</object2>
      <side>Right</side>
      <command>StarBlockCollisionRight</command>
    </Item>
  <Item>
      <object1>Star</object1>
      <object2>Block</object2>
      <side>Bottom</side>
      <command>StarBlockCollisionBottom</command>
    </Item>
  <!-- star pipe collisisons-->
  <Item>
      <object1>Star</object1>
      <object2>Pipe</object2>
      <side>Top</side>
      <command>StarPipeCollisionTop</command>
    </Item>
    <Item>
      <object1>Star</object1>
      <object2>Pipe</object2>
      <side>Left</side>
      <command>StarPipeCollisionLeft</command>
    </Item>
    <Item>
      <object1>Star</object1>
      <object2>Pipe</object2>
      <side>Right</side>
      <command>StarPipeCollisionRight</command>
    </Item>
  <Item>
      <object1>Star</object1>
      <object2>Pipe</object2>
      <side>Bottom</side>
      <command>StarPipeCollisionBottom</command>
    </Item>
  <!--/Asset-->
</XnaContent>
