﻿<?xml version="1.0" encoding="utf-8" ?>
<XnaContent>
  <!--Asset Type="CollisionDictionaryObject.CollisionXMLObject[]"-->
    <Item>
      <!--Use enum values in collision. Add the value to GameObjectType if it is not there.-->
      <object1>Mario</object1>
      <object2>Block</object2>
      <side>Top</side>
      <!--Use the class name of the command.-->
      <command>MarioBlockCollisionTopCommand</command>
    </Item>
    <Item>
      <object1>Mario</object1>
      <object2>Block</object2>
      <side>Right</side>
      <command>MarioBlockCollisionRightCommand</command>
    </Item>
    <Item>
      <object1>Mario</object1>
      <object2>Block</object2>
      <side>Bottom</side>
      <command>MarioBlockCollisionBottomCommand</command>
    </Item>
    <Item>
      <object1>Mario</object1>
      <object2>Block</object2>
      <side>Left</side>
      <command>MarioBlockCollisionLeftCommand</command>
    </Item>
    <Item>
      <object1>Mario</object1>
      <object2>Pipe</object2>
      <side>Top</side>
      <command>MarioPipeCollisionTop</command>
    </Item>
    <Item>
      <object1>Mario</object1>
      <object2>Pipe</object2>
      <side>Right</side>
      <command>MarioPipeCollisionRight</command>
    </Item>
    <Item>
      <object1>Mario</object1>
      <object2>Pipe</object2>
      <side>Bottom</side>
      <command>MarioPipeCollisionBottom</command>
    </Item>
    <Item>
      <object1>Mario</object1>
      <object2>Pipe</object2>
      <side>Left</side>
      <command>MarioPipeCollisionLeft</command>
    </Item>
    <Item>
      <object1>Mario</object1>
      <object2>Coin</object2>
      <side>Top</side>
      <command>MarioCoinCollisionTop</command>
    </Item>
    <Item>
      <object1>Mario</object1>
      <object2>Coin</object2>
      <side>Left</side>
      <command>MarioCoinCollisionLeft</command>
    </Item>
    <Item>
      <object1>Mario</object1>
      <object2>Coin</object2>
      <side>Right</side>
      <command>MarioCoinCollisionRight</command>
    </Item>
    <Item>
      <object1>Mario</object1>
      <object2>Coin</object2>
      <side>Bottom</side>
      <command>MarioCoinCollisionBottom</command>
    </Item>
    <Item>
      <object1>Mario</object1>
      <object2>Star</object2>
      <side>Top</side>
      <command>MarioStarCollisionTop</command>
    </Item>
    <Item>
      <object1>Mario</object1>
      <object2>Star</object2>
      <side>Left</side>
      <command>MarioStarCollisionLeft</command>
    </Item>
    <Item>
      <object1>Mario</object1>
      <object2>Star</object2>
      <side>Right</side>
      <command>MarioStarCollisionRight</command>
    </Item>
    <Item>
      <object1>Mario</object1>
      <object2>Star</object2>
      <side>Bottom</side>
      <command>MarioStarCollisionBottom</command>
    </Item>
    <Item>
      <object1>Mario</object1>
      <object2>Flower</object2>
      <side>Top</side>
      <command>MarioFlowerCollisionTop</command>
    </Item>
    <Item>
      <object1>Mario</object1>
      <object2>Flower</object2>
      <side>Left</side>
      <command>MarioFlowerCollisionLeft</command>
    </Item>
    <Item>
      <object1>Mario</object1>
      <object2>Flower</object2>
      <side>Right</side>
      <command>MarioFlowerCollisionRight</command>
    </Item>
      <Item>
      <object1>Mario</object1>
      <object2>Flower</object2>
      <side>Bottom</side>
      <command>MarioFlowerCollisionBottom</command>
    </Item>
    <Item>
      <object1>Mario</object1>
      <object2>Redmushroom</object2>
      <side>Top</side>
      <command>MarioRMushroomCollisionTop</command>
    </Item>
    <Item>
      <object1>Mario</object1>
      <object2>Redmushroom</object2>
      <side>Left</side>
      <command>MarioRMushroomCollisionLeft</command>
    </Item>
    <Item>
      <object1>Mario</object1>
      <object2>Redmushroom</object2>
      <side>Right</side>
      <command>MarioRMushroomCollisionRight</command>
    </Item>
    <Item>
      <object1>Mario</object1>
      <object2>Redmushroom</object2>
      <side>Bottom</side>
      <command>MarioRMushroomCollisionBottom</command>
    </Item>
    <Item>
      <object1>Mario</object1>
      <object2>Greenmushroom</object2>
      <side>Top</side>
      <command>MarioGMushroomCollisionTop</command>
    </Item>
    <Item>
      <object1>Mario</object1>
      <object2>Greenmushroom</object2>
      <side>Left</side>
      <command>MarioGMushroomCollisionLeft</command>
    </Item>
    <Item>
      <object1>Mario</object1>
      <object2>Greenmushroom</object2>
      <side>Right</side>
      <command>MarioGMushroomCollisionRight</command>
    </Item>
    <Item>
      <object1>Mario</object1>
      <object2>Greenmushroom</object2>
      <side>Bottom</side>
      <command>MarioGMushroomCollisionBottom</command>
    </Item>
    <Item>
      <object1>Mario</object1>
      <object2>Enemy</object2>
      <side>Top</side>
      <command>MarioGoombaCollisionTop</command>
    </Item>
    <Item>
      <object1>Mario</object1>
      <object2>Enemy</object2>
      <side>Right</side>
      <command>MarioGoombaCollisionRight</command>
    </Item>
    <Item>
      <object1>Mario</object1>
      <object2>Enemy</object2>
      <side>Left</side>
      <command>MarioGoombaCollisionLeft</command>
    </Item>
    <Item>
      <object1>Mario</object1>
      <object2>Enemy</object2>
      <side>Bottom</side>
      <command>MarioGoombaCollisionBottom</command>
    </Item>
    <!--MarioKoopaCollision-->
    <Item>
      <object1>Mario</object1>
      <object2>Enemy</object2>
      <side>Top</side>
      <command>MarioKoopaCollisionTop</command>
    </Item>
    <Item>
      <object1>Mario</object1>
      <object2>Enemy</object2>
      <side>Right</side>
      <command>MarioKoopaCollisionRight</command>
    </Item>
    <Item>
      <object1>Mario</object1>
      <object2>Enemy</object2>
      <side>Left</side>
      <command>MarioKoopaCollisionLeft</command>
    </Item>
    <Item>
      <object1>Mario</object1>
      <object2>Enemy</object2>
      <side>Bottom</side>
      <command>MarioKoopaCollisionBottom</command>
    </Item>
    <!--StarMario-->
    <Item>
      <object1>Mario</object1>
      <object2>Enemy</object2>
      <side>Top</side>
      <command>StarMarioGoombaCollisionTop</command>
    </Item>
    <Item>
      <object1>Mario</object1>
      <object2>Enemy</object2>
      <side>Right</side>
      <command>StarMarioGoombaCollisionRight</command>
    </Item>
    <Item>
      <object1>Mario</object1>
      <object2>Enemy</object2>
      <side>Left</side>
      <command>StarMarioGoombaCollisionLeft</command>
    </Item>
    <Item>
      <object1>Mario</object1>
      <object2>Enemy</object2>
      <side>Bottom</side>
      <command>StarMarioGoombaCollisionBottom</command>
    </Item>
    <!--MarioKoopaCollision-->
    <Item>
      <object1>Mario</object1>
      <object2>Enemy</object2>
      <side>Top</side>
      <command>StarMarioKoopaCollisionTop</command>
    </Item>
    <Item>
      <object1>Mario</object1>
      <object2>Enemy</object2>
      <side>Right</side>
      <command>StarMarioKoopaCollisionRight</command>
    </Item>
    <Item>
      <object1>Mario</object1>
      <object2>Enemy</object2>
      <side>Left</side>
      <command>StarMarioKoopaCollisionLeft</command>
    </Item>
    <Item>
      <object1>Mario</object1>
      <object2>Enemy</object2>
      <side>Bottom</side>
      <command>StarMarioKoopaCollisionBottom</command>
    </Item>
  <!--Asset-->
</XnaContent>
