﻿<?xml version="1.0" encoding="utf-8" ?>
<dictionary>
  <Item>
    <object1>Mario</object1>
    <object2>Enemy</object2>
    <side>Top</side>
    <command>MarioGoombaCollisionTop</command>
  </Item>
  <Item>
    <object1>Mario</object1>
    <object2>Enemy</object2>
    <side>Right</side>
    <command>MarioGoombaCollisionRight</command>
  </Item>
  <Item>
    <object1>Mario</object1>
    <object2>Enemy</object2>
    <side>Left</side>
    <command>MarioGoombaCollisionLeft</command>
  </Item>
  <Item>
    <object1>Mario</object1>
    <object2>Enemy</object2>
    <side>Bottom</side>
    <command>MarioGoombaCollisionBottom</command>
  </Item>
  <!--MarioKoopaCollision-->
  <Item>
    <object1>Mario</object1>
    <object2>Enemy</object2>
    <side>Top</side>
    <command>MarioKoopaCollisionTop</command>
  </Item>
  <Item>
    <object1>Mario</object1>
    <object2>Enemy</object2>
    <side>Right</side>
    <command>MarioKoopaCollisionRight</command>
  </Item>
  <Item>
   <object1>Mario</object1>
    <object2>Enemy</object2>
    <side>Left</side>
    <command>MarioGKoopaCollisionLeft</command>
  </Item>
  <Item>
    <object1>Mario</object1>
    <object2>Enemy</object2>
    <side>Bottom</side>
    <command>MarioKoopaCollisionBottom</command>
  </Item>
  <!--StarMario-->
  <Item>
    <object1>Mario</object1>
    <object2>Enemy</object2>
    <side>Top</side>
    <command>StarMarioGoombaCollisionTop</command>
  </Item>
  <Item>
    <object1>Mario</object1>
    <object2>Enemy</object2>
    <side>Right</side>
    <command>StarMarioGoombaCollisionRight</command>
  </Item>
  <Item>
    <object1>Mario</object1>
    <object2>Enemy</object2>
    <side>Left</side>
    <command>StarMarioGoombaCollisionLeft</command>
  </Item>
  <Item>
    <object1>Mario</object1>
    <object2>Enemy</object2>
    <side>Bottom</side>
    <command>StarMarioGoombaCollisionBottom</command>
  </Item>
  <!--MarioKoopaCollision-->
  <Item>
    <object1>Mario</object1>
    <object2>Enemy</object2>
    <side>Top</side>
    <command>StarMarioKoopaCollisionTop</command>
  </Item>
  <Item>
    <object1>Mario</object1>
    <object2>Enemy</object2>
    <side>Right</side>
    <command>StarMarioKoopaCollisionRight</command>
  </Item>
  <Item>
    <object1>Mario</object1>
    <object2>Enemy</object2>
    <side>Left</side>
    <command>StarMarioGKoopaCollisionLeft</command>
  </Item>
  <Item>
    <object1>Mario</object1>
    <object2>Enemy</object2>
    <side>Bottom</side>
    <command>StarMarioKoopaCollisionBottom</command>
  </Item>
</dictionary>
